tx_hash,block,token,amount,fee,gas_used,gas_price_gwei
0x1f12c10dfd3d4703c659503facab69bd0d3718386ee423f65718ab32b4c6b0da,20000201,USDT,135700121600,0,410255,5.029692353
0x82c293428c0a9ecc5404bf311148c2d7651c96a0ae58c2f9e199bcf9fe7b8e60,20000229,USDT,1111010415,12588072680426639226,1166694,4.945278631
0x82c293428c0a9ecc5404bf311148c2d7651c96a0ae58c2f9e199bcf9fe7b8e60,20000229,USDT,1111010415,0,1166694,4.945278631
0xbc3d546cef9d391063bfd531a1a7a3060c2f6bf8ea20b74f76b836efca13dd81,20000568,USDC,11319078748504,0,931362,4.510477764
0xa8c8582011e956a39d80838b15868844a3781be01d9b42fde1dacca504456dbc,20000574,USDC,11319078748504,0,935776,4.864689045
0x6db0f88b192426ba993c61068aeaf7c3941888112b9fb7c28e65365b85e0d9be,20001013,DAI,10469667732194888420969,0,1423184,4.076317546
0x97968e8dd80574a3eb5f75fd6008e550bfa877998b26140cd127fc9b96b19238,20001937,USDT,1082834882,0,410865,4.571561434
0x31d9305d41d2b105b297a2d18162f9f2a08ad30498786ce15c47d5f565c0bd88,20002108,USDT,536025994,0,345808,4.209085175
0xee5554476f431df30b3f269b03acc6280b1b4c50265f8b5ed596b543e36fb322,20002311,USDT,1453338838,0,355456,4.227861919
0xb94e7bf0ff61ce85604e600042edf70d25b10b19e82cd4ab5c21f23a77e07b3f,20002311,USDT,381903424,0,341880,4.227861919
0x0d66beec470c79145026ee5e36b42765aa16553adbf60244081df594f3aee29b,20003683,DAI,44155738698963371646984,0,1425178,6.51690763
0xf92d27f7c925448c07ecd6865555525938035994061f440a454429cba7534e8e,20004041,USDT,209790000000,0,426290,7.714706727
0xd8f1fedcb5bd5c914a2cc0566a01959fb3ad7dda2f71011877238a3ae58c5192,20004128,USDC,2685973515,0,483573,7.462339048
0xfa26d09bebf30aa66c6bd4f08e119c16971fb60c3ce87d9d3d5f36a04ccd427d,20004841,USDT,233016881807,0,419338,13.038540148
0xd42246cd1e510f925dd21aaa3c70fbabfbac7273c9bb72cf6c265a5e038ed625,20006525,USDC,2829736520,0,431112,13.215118062
0x04c3e2ae7bb1e84cdc9ec87b2e0d5b61a41fb8343359fea51e23767d3794ebe6,20006553,USDC,3362998300,0,433500,13.186112825
0x89c41d024bbaad70e0880c84e57dac00854bb27457a38640cdea4cbed35b828c,20006717,DAI,16424596875487445460605,0,1419102,12.28620278
0xa9d7de644edf0abecbf2911746daa12666bd7c51a7f8c78809b6e746426d8db2,20006936,USDC,11178185679,0,468059,8.232343078
0xc4de5d7a8844451e15361655014f73e0bbc876814a48de2451e4fb09ea1f3b79,20007153,USDC,205151599872,0,731868,10.551101744
0xbeeff251a74358f7ade70cdce134864e116717db15579d91363f5c5ae02fed9d,20007169,USDT,151424986952,0,1190265,6.366712477
0xe06d5bb15a0d933d36727729c151467a52f0788242ed7f4cec4e5fb403928ed3,20007189,DAI,307339883865322966482944,0,589803,18.048673398
0xfb11b754513374747fe8232130b256883366d27e44ff9987b5d364a76d683964,20007190,USDT,84591384576,0,511052,10.046398722
0xb36ee56af2613ec039b947cb3fd5fbc837ae09ed08ed46223e7fb3a2c8331cbd,20007390,USDC,754904428544,0,353064,10.197979743
0xb35d37f2e75af341699037945b9b8a8ff6ae475a3cb4dddfaa51822a7ee9fb6d,20007454,USDC,45421924651,0,543732,6.050738636
0xe307dc0bcc311e52a5acaf891c82145b23684eb8c3b12b80095d593f5dae9a32,20007478,USDC,162640722291,0,1550500,5.844651434
0xb009d54eba6b7f14701014527ecc51a9c98b0d5821dd1a48ef8995f4dd40a2e7,20007492,USDC,7764969847581,0,1123060,5.763202344
0x9daddde0a6f5662260db75cf6c25e494c44f9c8b1cadb8d4f7825d79472a14a1,20007753,DAI,79785889539020004355453,0,1420612,7.0
0x8f1395fc44df104708b445f4f322fc0c127c5892514a63058d2f5d9ccb864f3f,20008065,USDC,458188495158,0,757164,26.196400036
0x0adbc5a3d59b5dac4b32dc461f4f626922b1deb4fdc516dc3792b73cc2666b3c,20008071,USDC,409019365887,0,756126,16.166142374
0xccf9fb17c45f9ec9d576b08fcc86dce55e8e07951cfef27b4995e597194b9387,20008071,USDT,140078715000,0,414444,12.743082324
0xfafcc1e0a2b5362480bcb389fb99c7bab21d6612f5a86f5a7223b5329f94427c,20008220,USDC,231282717178,0,574789,15.554920781
0xb61fda13667fc7d53b1a6768c6861041bd4f3a3d295e641f062c06442afea439,20008237,USDC,153460107129,0,463942,24.439395005
0x6e3e9dd8a4e6484aa8f1addfa476391e8436b26333f0ee11b8c936036c701f3c,20008379,DAI,49008188066746714969555,0,1425224,9.668192506
0x4765bd91a99addceda3958522de9abda934ae2f74f4eb2faa1826f412cc5858f,20008611,DAI,48589798315876330214731,0,1337261,11.494294489
0x7159798d652ba0ab2245c7a9d96f4f91841411a3690085598a2123ad4ace240e,20008743,USDC,683559115329,0,306643,13.65322745
0x19ecd729ff7905d2b3bda86257cb56ce396414007774736f9c887339367619b3,20009058,USDT,113577336486,0,317685,9.384381052
0x76f41083a885dcdf2db7ab150d6776997e9b32b4e6f112a5bfe4cba34620f0fa,20010834,USDC,128051015095,0,448937,11.832646562
0xf68ada1a3fecf865a00fdb75736d4b274baa43043e094f24437388f628df4c87,20010843,USDC,54710742802,0,600287,10.733128186
0x6b0c0841033ecf98a95a729500261be609b834633e43ff26f69311a073f1dd3c,20010845,USDC,60582801054,0,422349,8.734518876
0xd1e570368dd28b3f71960b93fe366d58297e386f2c528afcb66b0e0245e441a9,20010901,USDC,1142813658,0,1278562,11.626553172
0xce02ef0735d118bab1889b7d1cdd9632d9a219e5859291627c614ff162852c67,20010980,USDC,424538483751,0,706191,9.422740049
0xf8684f75423fa88ca2372bcbd1b6c8eb1fbcba6db12083cb73cd8b553fcaf3af,20010980,USDC,155454071022,0,622160,9.422740049
0xbf0534e9cd0393e95a46a2bcc8f17a305c10600ad98bfcca94c46de41ab5b600,20010981,USDC,515880802405,0,534614,9.294682342
0x19a00e6202532a28df759701fc7dfb91d4b96eb50e8e9ae2bea412a0ec9dd1d7,20010985,USDC,130014507908,0,464226,12.024881119
0xe28837345ab3595f5d89af11d44fabe096f938c2480b725d3ec00c9d1067dfe1,20011007,USDC,327768440365,0,898177,9.127702233
0xc443a5eeecd987817eff68029c61d67aa14cf425778a4764a9b3d869fe8ec4b0,20011007,USDT,327724630474,0,906828,9.127702233
0x6b077b28782268b25e3422c2c67c083a48449857ee2bcee7ef35a593ec5f7439,20011152,DAI,1449365747281618668728022,0,889602,8.684867395
0x40b387d7d00697f1ed51e871f7ca44cdb623512dd708ddc87bcb74d22bf69d65,20011816,DAI,85998752862864037553815,0,1425048,15.34061314
0xb51fe71dfc9ff7722b9e6807a8733160592abc6c522dae1ad094c0295e5c84d9,20011975,USDC,5974965213,0,1106769,23.28433217
0x792c9297aec7eba6d9a8c1978f61e35afb16f0a5466c5d2766101b983ddd39c3,20012618,DAI,49266700458084219482335,0,1338749,12.455851576
0xe2909bcaa0c3da9548300950be2910c473c342c668e27d80cc2b1167b4f823e9,20012727,DAI,62095556812562128437248,0,448134,11.82377633
0x133c73b53d981bcb1f5eba313894fd56f7f085068602ad98515a973296f37c8f,20012901,USDT,0,100000000000,1242098,11.833786832
0x133c73b53d981bcb1f5eba313894fd56f7f085068602ad98515a973296f37c8f,20012901,USDT,100000000000,0,1242098,11.833786832
0xa0984e493445e2a012548d791c9f4ae735531c8f190e99cb2dc8552d1bc668ef,20013413,USDC,5597581774,0,1103924,9.334929211
0x9ac713f82db25e4fbe877549bb616b9e8d2a6d781d81935459a456fa9fbb3f69,20013451,USDC,300091640903,0,412211,9.830510221
0x17fe08ae46d182b7ea11b5208fb7bdd192eecce1ebd7cefab804a3bb864aad07,20013873,DAI,81925101459935711985664,0,646022,35.252486191
0xf382e1afe1c2c7e2c4819a4ba81d828180e39541e929bf894044210f31126be3,20013890,DAI,89081460329569769750528,0,644638,54.765255187
0x5f7e3d3e433b1852eea5484f0e249689783d6f5d60bc4f127ad54ace28a8dea5,20014711,DAI,8232935514050766426603,2284184234704326535,857524,6.029483243
0x5f7e3d3e433b1852eea5484f0e249689783d6f5d60bc4f127ad54ace28a8dea5,20014711,DAI,8232935514050766426603,0,857524,6.029483243
0x0e61bce0d8e2f9732ddf41df86ce35e09325d5b2937548dd60883be18a70ca40,20014727,USDT,60689400556,0,859386,7.338168097
0x3b86c5364047c0b1426ced1c09739c83fd3e0511c028cd5072f0b850a2462074,20014823,USDC,13128201298759,0,570969,5.721183533
0x600c6309b81f41bbc076e449c52bfed5f027735be996c0d30b4b7b25d0f7370f,20014914,DAI,4182614193503770533102,0,1426691,6.273629072
0x5ae697524ec01efadfe539d13aa8e0c7484fc2eee4bf159d14d4480aff0f6d57,20015071,USDC,1570996431022,0,398980,5.356582761
0x298377acb55ee5c9228cd27c57da427ea3def0f801dc5e8c869e825a5bc07472,20015071,USDC,1171452023753,0,516437,5.356582761
0xf4a61eaae98f6132d6948924db7bdba25c31bdaf04e10d51f919dac3de426cc5,20015287,USDC,1586577261,114221774358720925914,258102,6.303631057
0xf4a61eaae98f6132d6948924db7bdba25c31bdaf04e10d51f919dac3de426cc5,20015287,USDC,1586577261,0,258102,6.303631057
0x95ccff1763138433a155c8946bdad0c3068558ccc3e90a0bbbb7107128c08813,20015545,USDC,141729145080,0,460033,15.12035713
0xd769c519ca3b7f05678ed3d0cdb6ec1da2b4312183b00a6d0f0bc54c4d8889a5,20015663,USDC,221647258687,0,733484,46.647126229
0xe21f1033cef3b2bea3940f7c4eb9d63614153b4413827256101fe73541f9bff9,20016022,USDC,1309996148502,0,402843,6.539742595
0xea2f7850383b49f7965c6f236db68e87b7e26c0b8966a02fb52b0123d0109342,20016022,USDC,1365628735757,0,513890,6.539742595
0x8da88b3e289005662507be2272d97775abdc72afbc582411cc035e9871abefb3,20016202,DAI,245300438614624338429,255112456159209311966,543240,4.497380316
0x8da88b3e289005662507be2272d97775abdc72afbc582411cc035e9871abefb3,20016202,DAI,245300438614624338429,0,543240,4.497380316
0xde364355cb4c5d25c1f1abaebb0ea807a5f086744cf4e6525dc155bbcb2c812d,20016392,DAI,68832092915148218720786,0,1422004,5.182681126
0x34d69aadfbd4a09b577da10a0b68ffdf2f903c5b0f33f9553740a619f68610d6,20016537,USDC,5337663479310,0,417258,7.723607941
0x6fa7e5db0d32ac79af33db01118622dcc83ba790f36f5276c000b749726aac09,20016537,USDC,4894237066612,0,485869,7.723607941
0x6b0bb9837374ca0a884ed8962b1146173b9ab1b23f4d5cefe0b5c80f85ea57d9,20016883,USDC,10611283595,0,1141057,6.287380057
0xdff1ec53191d40e79c41711c1f42e1dfedf6fba1b9eb227a10ef65f9c00ea6d0,20017042,USDC,9290790380,0,1067630,4.76693262
0x52838abf9dce75bf830ca511fa46f10ff8a114e76c839c7e2ecf0fa0f9081108,20017079,USDC,89610214417,0,357640,5.496798392
0x3a47c8df734ddd5a1065003052577e7ea5fa44f881d77debe93691d52137c567,20017364,USDT,59839933486,0,559836,11.239468164
0x001aa0b6651d1174f42b6704a16491a66bfd08c3aef1ed27f85291023f8afdb0,20017467,USDC,66815074490,0,680022,6.671935728
0xbe8639c89fb5d89a57a1a8b2faab9e2adcebbf9648903af239d8a70e71c8ee2f,20017703,LUSD,41276390023179937758167696178556153823001774676622176117354991215695609462784,0,1818405,7.694080659
0xda849f0c3e6bd8817851de2cd7465c01884e6000c89ac549e764cdb85cbf9d39,20018317,USDC,166522393914,0,570463,29.659454512
0xe9df5ccb0a26fd0774cd5549c4f763a093f8bdc2bddbca6ac494351e3e320094,20018590,DAI,58746548704796151491552,0,1421154,8.522061427
0xdfc800e500aaf7678b769176a2e9e43ef7d7dc76e38f21c62348f069cd39c4d7,20018887,DAI,135988201164286249973394,145937727937198770774508,1392344,10.647023861
0xdfc800e500aaf7678b769176a2e9e43ef7d7dc76e38f21c62348f069cd39c4d7,20018887,DAI,146619765611299624200157,0,1392344,10.647023861
0x2a830d85c0107571ac740015e8e2b733274f19938e5a5c6c9e09bb5fb23b88c8,20019079,USDC,29749442191,0,360487,12.757269946
0x012cc3298d8d6abdd198b16ec6a79b4f2d4fd34c2306c9589ab6ba9f8ad31eb7,20019553,USDT,380980228723,0,325212,24.989753734
0xe75bc32e935333b77fb51365c99b871b2f8f16a95fca09fde097cf53bbdc6e35,20020430,USDC,2468265420,0,1246880,14.395171278
0x893017161b6cdf9239e5559910292c558edb59efbc6742209ad663f318dd197b,20021000,USDC,3754918774854,0,417476,14.458414149
0x36251ee12b80e4bbfed531b63e8c5452431a77ed03e016222b01c95af107cac4,20021000,USDC,3503387022092,0,488559,14.458414149
0xb166090096eedaa7163a8e5824651075f6f9b55e4e11fd5d0ac77fa8dcb39070,20021170,DAI,832370881492142949718256,0,1015132,13.0
0x455aec45e78814ca76817965896b137f9fc3f52628222819cef87a57b9b86b5f,20021258,DAI,832381880950672672268522,0,1015132,11.0
0xd449e33f8e26ff1875b1be4571c1e8c3232e20e0b4fdac3d533c1c49c2200a54,20021301,USDC,12975446393328,0,944932,10.245473467
0x0cdc774f4637a3243d56ba49b1080eb765e011e7976b5611e9c426faf0a992cc,20021318,USDC,83997000607,0,903587,8.822455355
0x9919e3a8c20d7dd6ce0d3777112d2aa724e1036fc0933f14001f37e15f2f672b,20021393,USDC,0,400000000000,977253,10.432920571
0x9919e3a8c20d7dd6ce0d3777112d2aa724e1036fc0933f14001f37e15f2f672b,20021393,USDC,400000000000,0,977253,10.432920571
0x4a65d6545a679f276354755b2bbfa5ade0ee3982c4302f025d6de3f8c9e5ca82,20021404,USDC,0,400000000000,1225898,9.976037662
0x4a65d6545a679f276354755b2bbfa5ade0ee3982c4302f025d6de3f8c9e5ca82,20021404,USDC,400000000000,0,1225898,9.976037662
0x9493b8697e45fa6d13197536393941d05ee1574351f17cfb4c911d3f108757ce,20021935,USDC,7764969847581,0,1114830,5.825352547
0xada26113cc3ba5694666ef2ef1ed41ec600d4c327253454ed827930409ea5981,20021948,USDC,18493941234,0,1037459,6.136921604
0xdb782b3de082deb3da26830f54ef16a5da1cf425bf5d0c9e13a4046061aea50f,20022221,USDT,6000000,0,836987,8.135513115
0x4ed47c9dda86624385aa167dfcc6080573df5bc982a8ba3c4a7434e6a7e02e1d,20022530,DAI,32469907252510765560400,0,1424124,10.012698148
0x71faffe1efde6f2b259577412a1d886d8b35cf7fd4fe94ed0879d208de8749a1,20022533,USDC,6221255822,0,508972,10.359011239
0x0e551c3acb3e60728e4899cfe90aa63d159a48f7cfb662976a747d22436a5c1b,20022647,DAI,82404726018504405945346,0,863700,7.378049582
0xe8e8c560ff0779596937a9bd7abfb04eade6329e44456ab926d6f91ba76a1806,20022791,DAI,222270223885914334874,0,1446245,7.974012037
0x2f22deb0e0ec86780d565127762c753b7c669812d8f82bc6278590df26774877,20023134,USDC,7721844453,0,537323,11.402071591
0x8dc7b93ac0edd277fc482d65313d3913cc8bbbfb513977b6ed902c15b26d940b,20023151,USDC,511760264838,0,757969,18.268089229
0x6256120a971f35c4190a4a975270d46bac4db666fe2512b6a18e3624d45d9532,20023153,USDT,2690823,0,904010,9.624463874
0xa9fc1c2f3429d5808c04792244fb6db65af03c48ccf0947343d88cedde5d27bc,20023464,USDC,147299777450,0,453331,20.624265093
0x5320770e0ab9139e3d4d5babcd37dcfc6c94eab0e2adcf40040b840170f84c0f,20023541,USDT,81994621105,0,704149,8.41639429
0x9854aa465fd2fadc35be6a37980d8af38c50be034394c12f1ff425e5348c975c,20024274,USDT,128015402573,0,441272,9.89162094
0x7d473b72d55d979ccf1b7e9ed2934d7a3b982ceaf640e294b64e05bdcf4a61fe,20024287,USDC,393360290519,0,577575,57.450023281
0x4c4935449a01c1580a669024dc10039fe347d5591e8dc5af5355662aa180d55d,20025166,USDC,11748548569,0,473760,20.642247466
0x5fef5ac0e4e5b0ac3390d9d98f68385e357b35ec7018b5fcdcac1a4a8152be84,20025435,USDC,32852216837,0,1096163,16.185972507
0x8230d42bdf8816be5ea6f69ae448664f9a80938147abe2a1fb44de568a0469e8,20025459,USDC,54753738530,0,1138352,16.099604971
0x60bbdc4a89f8c78f6949de5829d466071ca713029244fc0b1dcc01842377c96f,20025598,USDT,15000000,0,849975,27.771178465
0x4e759199daf7b478450f126cd8b4149454e038b337e86d42e6049ff4425d0c66,20026389,USDC,775163383787,0,331896,20.902716481
0xb2921a6c2829001b4513c228f9ce8812bf9095d82d1d756eeee5a47c89204b95,20027232,DAI,36640576962867540418631,0,1422513,24.515234884
0xb0374c9e58f595ddb6fcd535e5ab0826c16d7bce92165172ee886c18b62f36d4,20027491,USDT,386187747649,0,480140,23.987764991
0x4270f4c50db8fae7ae86fa1e18c0812385be6cdf6f6f09075eab5b49070bdc43,20027657,USDT,1764065007059,0,1664737,39.878998569
0xf10fd14204df589b435d36ed3cc09b1d0365272a013ae14f7c6cfbe4aececf48,20027705,USDC,5173381038080,0,528307,40.035254901
0xfd69abf3a10e62831af3cf705ace2cfad193ef27bab4ff33a1c743bf47a624dd,20028018,USDC,384284103655,0,587717,36.099485531
0xfffa33db7d1925bb4fd94fc8041532663334506728de64fd3f55ec81d89b43c4,20028439,USDT,15000000,0,904955,33.249807297
0x801b1001bd33a4cdac4cef248e93f1d6557a7231e2412f99ee2b1cf7a1fe4669,20028710,USDT,2744803528,0,426961,24.75582988
0xdf460fa356d936e005c115506887204c3078750faa414b5f728b229847d9dc13,20029827,USDC,80131055000,0,879971,9.465543138
0x412f4278a03739d470c56d85b2c36106e7ae717d2603ae7807089b97ce3cc8df,20029962,USDT,45997234,0,925859,13.28350563
0x5bdb0f8ba43d19e13ef9150f0589a4b79cb424bfdcdd5e1b19fee879cd435333,20032477,DAI,353508112235505404886005,10,818494,14.810918406
0x92f72ed733a05d9c35dd3ed3281381f52e481ef211933571eada6afc575f1533,20033592,USDC,162310137431,0,501052,18.760049175
0x222889c7bb566c4878de6a37ba7d3171c49eed75fe89cb74953446bf53d365b4,20033592,USDC,162420934193,0,1288681,18.760049175
0x610b2f915edfcf0680aced4f6a275da501f2a6684fbbdfd5ac84cfd12400d265,20033694,USDT,118264275690861827634474,127112861491,1716708,24.492833003
0x610b2f915edfcf0680aced4f6a275da501f2a6684fbbdfd5ac84cfd12400d265,20033694,USDT,127728164428,0,1716708,24.492833003
0x6d73986e1b84319a821bb0a62b65b46426f6ffeef83dec6219d314c4be7afc2e,20033705,DAI,39202850460564806398552,42171941434697528732146,1377300,23.835061677
0x6d73986e1b84319a821bb0a62b65b46426f6ffeef83dec6219d314c4be7afc2e,20033705,DAI,42369034733763826519734,0,1377300,23.835061677
0xb2e5ced867087a548e96499bf5b08bbf9fa5f8a8cb406fe2383ddffabd04de54,20034212,LUSD,4794838868128536362038,0,1481307,36.473775345
0x80f189cdb0d366ce874187cabc00a1b3fd93733dac09d533e0ac4e84929901df,20034248,LUSD,12000000000000000000000,0,1460120,34.516096718
0xdb2dcaac983d7b99b72165caf304b935c5559960cd3107e06d3943a0a738e5e4,20034475,USDC,1529365958160,0,925705,36.751949387
0x024b9f997834013ba9cdd64bc38fe15778b421a961b00de4ed02e3bd4ddee13d,20034475,USDT,252898328813,0,488999,41.220319505
0x4f184507948c26d18482edaf228c2557d9fb4d03fe8d3b3f757b5ea5b6ff3d47,20034503,USDT,0,115792089237316195423570985008687907853269984665640564039457584007413011555181,1153547,38.261932569
0x4f184507948c26d18482edaf228c2557d9fb4d03fe8d3b3f757b5ea5b6ff3d47,20034503,USDC,0,500000000000,1153547,38.261932569
0x4f184507948c26d18482edaf228c2557d9fb4d03fe8d3b3f757b5ea5b6ff3d47,20034503,USDC,500000000000,0,1153547,38.261932569
0x292ea0d99418b308cad159e36bfef6f78c35fcecaeb39ef54aa65b58c884bbad,20034983,USDT,128113968656,0,696273,25.558390829
0xfde6c15ff714608554f829d72e3348a38446e3ec7a8ec6514aaa534126c300a8,20035078,USDT,3511784417,5200367,776406,26.369826911
0xfde6c15ff714608554f829d72e3348a38446e3ec7a8ec6514aaa534126c300a8,20035078,USDT,3511784417,0,776406,26.369826911
0xd29eeb2665e4cf90806ee9424a4c2a34094254a76b44080e23421115e676d780,20035464,USDC,5532743353738,0,434370,14.673144323
0xf07d86d82b8b75c3a92cec94989c4d436a17875adc0bbf0005600dd35bd1ffec,20035464,USDC,5308094358102,0,488762,14.673144323
0x812123215df9e46fae2a3c7f81e6707ba1f39d271123ae7e2b1cc98274b2feed,20036617,USDC,7764969847581,0,1123051,8.041406822
0x3706f22cc1ca938209a642ce8434e45fc3961eb71c4a7d253e1e106c0505a3f2,20036719,DAI,958878859901942312730624,0,419525,7.676983199
0x505671b332b96927717d65b950b978a74c17e7b570d22f7bfe6954db58eb9238,20036957,DAI,10861589644215790268351,0,1337536,7.597984413
0xd95b597dcad242377396d6a49269c745f5c0b230ee0dc2355597f27e71651b1e,20036962,USDC,36277921727,0,721515,6.034467653
0x79c5fe3fcd2bd17ac5c735bde92c3b194af174583c7e37d7e6eb1e2d07a4467d,20037002,USDC,558582846,0,1081800,10.836594433
0xad4e671cc05d8147571b9211f31106598a394dd07d7c8388c007c25cbeeba9cb,20037096,USDT,45397302961,0,318458,7.124493024
0xf1436ea5f8b19536d542875e5c65ff610dd795e3fd9106b363fd33528c09383c,20037377,USDC,53446714652,0,441512,10.113277502
0xab3bb5867579ed1c0dcec2c0855609c732d8ae750403155d33dfd4d68ebd5556,20037378,USDC,12347235065,0,522436,19.987614216
0x80cd00c7539ad65b523e038fc61893748f8edfcf21f08010a3cdb16951e10284,20037720,USDC,1649939263,99320551228432672842,258130,6.857037075
0x80cd00c7539ad65b523e038fc61893748f8edfcf21f08010a3cdb16951e10284,20037720,USDC,1649939263,0,258130,6.857037075
0x568f6587a1598595848ffb7079dd0d574fe9fd4a40d598394bc8e181f4a39bd4,20037751,DAI,56562577413484295749632,0,646376,13.230191547
0x947358fe98849759e3db661799408b785774f12d4d0404a55d55c6ea92aa7088,20038305,USDT,140503077431,0,849587,9.153741026
0x154255713b124775028bfff0bbd2e0be15cb805d06113923faf68635120c7289,20038305,USDC,140425216488,0,919402,9.153741026
0xdcd7281f3033cd1bcf38ce02a7802bd39ad4bb1195123aa116ead02270e787c7,20038841,USDC,41248788875,0,1235960,16.822063803
0xa3b87471ae302dab51ff1a8ecc2d78fe5b4ce1083680a3378d5cd699f082dc57,20039187,USDC,152769405622,0,604160,12.149202022
0xc4ccd31312f41cad3f2468ee424485c1646cfffa81af69d981408d0e4726f675,20039188,USDC,15347212534,0,463185,12.634162722
0xc2959a5cbd7e2dcea1cc65fa874969d8dbc19da326e92e9af3af5b069bc85f84,20039212,USDC,75359420984,0,386610,13.056425878
0xdbb93b3fdbaa5ce493da2ba4280043dfbf03fdfad9321917d603cabe59f3cac4,20039482,USDT,1772131311,0,671522,9.392878687
0x567540a4b601733b52b425ccd28dc3dba2c377891fac13978f8719460dc15c03,20039613,USDC,73802230319,0,418595,8.831391066
0x8a0bc6ad8d06d8055f0d37885ab005a958c1e4a851c3b930b1cd81735dd1450b,20039686,USDC,205346329076,0,602159,9.003015815
0xd99cd49239d7ea090cf0aec6ffed5cc450929cd3cda6f1b13a617f502e0f2e27,20039686,USDC,94399342974,0,455480,9.008015815
0xe127e47392265fe860a36f99801c66e883c272d435c04fc19e5539a522e9d2ce,20039728,USDC,97153352050,0,655282,9.547939251
0x18f815d837ab6c614cc8251e52f0bf41156b7613d134d22fb8014b52f412a424,20039729,USDC,34965001000,0,671029,10.166353595
0x0f52b7c39bb2ceee4ab68a21a2513f895935062bcef5636ebbb07578d3a349a1,20040232,DAI,58970492009342194228886,0,1791235,15.791402134
0x74f192edc52d1903c504df917f09948b852610b0a131bf9d029a279519b0a996,20040376,USDC,142718682112,0,458094,17.092563791
0xf4b300880b3f4b539916841b1fd8f3d9ff930f1d99a041b6f710ca0a6c2f16dd,20041529,USDT,1756291711,2614262,829931,12.589566731
0xf4b300880b3f4b539916841b1fd8f3d9ff930f1d99a041b6f710ca0a6c2f16dd,20041529,USDT,1756291711,0,829931,12.589566731
0x01b041704be3728f0a9c633c505f7717d3ea9aede3263ec196a019a0f33f532b,20041631,USDC,300069395878,0,234709,100.642121186
0xbe1f6403bf7e9f5df99140ccfcbd4563e8c43b7ac3a085b921a358ab10f3b7aa,20041650,USDT,50000000000,0,329510,97.305688075
0xcf456038cf4765ce03ebdfc1a7c760dca26ce7174fb1f02b1fe724af71c860ab,20041677,USDC,20000000000,0,321619,102.679075433
0x9220bf46d1ae1de1909edd4a619cd292a96e28fab404ab511ce0fd40bcbe08e9,20042024,USDC,163794561272,0,531534,21.672706115
0x192a82d70a876e96a328927352aff7513b5b7f9a15a56a2b8d5d64c8183539c3,20042031,USDT,1645283255,402941916771405750,931894,21.108877879
0x192a82d70a876e96a328927352aff7513b5b7f9a15a56a2b8d5d64c8183539c3,20042031,USDT,1645283255,0,931894,21.108877879
0x38cf5ea6db25d2a8e225a74a421bd03e32676260af5c00b85094920c8724aaf4,20042200,DAI,67913059400231487733547,0,1015258,12.256679502
0x2bc6e95bb72c5cb561567edc4d3c9d54469018281fa3933d50da11b969701cf6,20042577,USDT,0,320000000000,978331,11.103056638
0x2bc6e95bb72c5cb561567edc4d3c9d54469018281fa3933d50da11b969701cf6,20042577,USDT,320000000000,0,978331,11.103056638
0xf70052562f875b6fc2d77e428651947e0ac493ac0987be7065b19972b0d8fedb,20042598,USDT,876574441,1322294,1016967,9.770790058
0xf70052562f875b6fc2d77e428651947e0ac493ac0987be7065b19972b0d8fedb,20042598,USDT,876574441,0,1016967,9.770790058
0xb3d694670d7e365e05ea70c2373b77f4d7dd6a61cb1b69ed58bf0ed3db59718b,20042813,USDC,55546853074,0,560326,8.509418772
0x36cdede87400e3ef9f5fa92d57ecf7e99cc6d73958c5b1ce4b98118694f91633,20043293,USDT,101769046981,0,1160004,6.81577335
0xbb8529060514004608ccdc94528543e6c7e890aee13718d229f165836e4837be,20043293,USDC,101694485007,0,1104422,6.81577335
0x380dab7657690686b34cff9d9de0eb587a05f54ac056544e87e98a2a4570e567,20043517,USDC,11553244970880,0,570981,6.540801001
0x38204011de387cb2724c0bb5f38c14ec3871053252fde76ec5062e4a0ccb37c9,20043585,DAI,80225580698030338969734,0,1424489,6.800004959
0x499c7c4fd64313048cbcff6bd7ecca221847915f7de661666e544ad02b542544,20043877,DAI,17986195730613764817913,0,1425026,7.0
0xba453be5d797a6a5d83a5a9b5a2883fe9a3d5d723f17cc495b337251b983712e,20043962,DAI,477354377234784158574789,0,1015258,5.5
0xc18873be64f019b4cbe6a981ab8e92d57179422186a2417a5d648565b2f442e9,20044014,USDC,2192039690284,0,422819,7.580733957
0x2bda8b4b329333a227a65e34c48fd0be76a8833da883f419a5bb11813f8dd80c,20044239,USDC,65281079324,0,393151,8.731541495
0x8eee20712d7eedc6fd7feefc23d61e705afa9ae42186ae78d64d83ac1b8fba0c,20044733,DAI,360729111270950000000000,0,323377,6.28125354
0xf5fbe62d62336cae20337bde79346d34386456d335b17e589d27ffeb707e7f9b,20044801,DAI,341402808643410000000000,0,324308,6.420122295
0xec5a388038b77452d1cc6b0a4ba384ce6929f589124161f30f26155b6a559fd1,20044817,DAI,72273444341070000000000,0,303477,5.604496504
0x05342ce92ff8e34803e2ed566d6916035f402c8e0304b025048a5d78339536a6,20044835,USDC,6035401231727,0,417161,5.324192035
0x68900966757a4e79b41bf4fee9f2f38bbb3b798cad129d8d9ffe55027b461481,20044835,USDC,5577634227286,0,488751,5.324192035
0x67815d87c0b3f786c15f05e2cf994d26fbbb9f84c2fe8ad48922a3ca74bab65c,20044840,DAI,207407919274192562748702,0,329096,6.80200394
0x40aaadb35117e2321c3b4a9c38bb816eb7b35ad20aa4dc40f612dc9910c55fbb,20044841,DAI,515433524711782437251297,0,270370,6.594704529
0x1de4be7f93f24a6be507923d6f7157db1e6b7926a482732724a4625240e5ddb4,20044861,DAI,362091428006700000000000,0,308301,6.531038425
0x965d3df1d5e97f52beccc5ff8d11b2632042e911db67f0aa54bc51f58e37ed02,20044886,DAI,723328860024713922810068,0,330013,6.329710348
0x8b6eda9217927f39fc2b722001ec68023e49562bc7bf6e1f7ec0fe2f2ff7981c,20045205,USDC,307273366958,0,756185,6.246291876
0xa9d1b1d4f01cb5f3fc1c0ddb5815b1fe30a98b1a63dbb51ded73d32ad1ef3302,20045205,USDT,43901166657,0,536488,5.91264781
0x80148b59db250a76827921cb73f2982fb94e51bf5ab5c23b8a054791c0a5d9fa,20045205,DAI,111961267037253600000000,0,448579,6.02159639
0x3d6178ffddde50b75426844b2da3b4f4a80f1b091cb5bc47b31d080d1fde86e8,20045250,USDT,144115755008,0,471384,7.80148632
0x0aa82ed7193fc9f3aff6380ddf7f73cde07a915003dbd890ca315f53462381f5,20045347,USDT,485762718794,0,282148,17.91807236
0x770c403a397b9611d4674ecf457cfa446dd3132d262d6bfae99f9f8ef856c78a,20045426,USDC,5638771982692,0,417234,5.929595939
0x7ef5e6856d1839aaf56b107223c63b661f7a0c6caf1e3a287a5d708ceceaad54,20045426,USDC,5647132659100,0,491577,5.929595939
0xd0408bc092b575140493b16f206eac64e8371512d160d20c5f83aebe0af80046,20046393,USDC,587212903,0,440672,7.148305629
0x9c2b99903d4695a7f3708538a7b083e75c1f794825a1704695fb405cd0c29156,20046522,DAI,6078699243270757559169,0,1422369,6.717714053
0xeb2278e4dd9a0d77f18eafc2525601081edec545f5cadb36f3ee7c3f0a686569,20046663,USDC,1432365581,0,1474189,6.345793194
0xa5488f8112457c6600cf87de4576953933314d43d7249f136c8a980ff680121d,20046772,USDT,1331711698,0,414098,13.407760225
0x6eafd7d4d5b8abe8764dda7d1293f49bf4b4f1d824d91e3824507cdfa91c5e8d,20047147,DAI,230055819462355943484978,0,1426344,6.186248393
0xe847ea223b090ffa6c61851cb268c8b4345c43e34dcd2634371a9e4ef2f23b48,20047677,USDC,95520732190,0,403037,8.666296522
0xd0ca330dcc0111385bf7ce67777bc8e4fdd11a9b525ad974775a0b507acf116c,20047814,USDT,408660089294,0,261317,13.933392065
0x3e0423f8c39d8e9446583fc7dd3e3e2517a672c9226a28b03170b93d02ee82da,20048152,USDT,3683578530,0,409773,8.388341399
0x827f0852a5ae431331feb1345d5603d45b4a2222e841c57b1153ea5c3296d0c1,20048205,USDT,2037198681,0,396470,9.897928072
0xa1d56649c9f7c07ee525099ebdf8230d44e610769f5cd4ed3c36cc8d0afcebff,20048373,USDT,0,200000000000,1022774,12.587572313
0xa1d56649c9f7c07ee525099ebdf8230d44e610769f5cd4ed3c36cc8d0afcebff,20048373,USDT,200000000000,0,1022774,12.587572313
0xad454a1d66da000f0760490200e7a564a3fbed4a20d3a32186163c8f2f9b2325,20049346,USDT,1244963766,0,1834121,7.455811248
0x5acf05c8a73bfc743af1dba08ffa910006a4156d16a6dd5f4b8d816d2a8cc63d,20049428,USDT,101313793360,0,1024736,16.700729697
0xf143959f7a6e8280d08fe08117d4f75bf3bfbeeba9b70a412799c313728b4e87,20049646,USDT,167318692982,0,947496,6.267292576
0x925b91ed7c2ee09c3f567e723acd7f7bff5f839a105d13addb071d421e383738,20049646,USDC,167230721328,0,889336,6.267292576
